{"nodes":[3,8,8,2],"weights":[10.3659410476685,-68.6170349121094,-52.9732055664063,64.7842788696289,12.6556196212769,72.9618606567383,-10.7435455322266,94.5871810913086,95.8363723754883,3.91391015052795,16.8999614715576,-93.7158889770508,-60.5806121826172,26.4042224884033,-9.28781700134277,50.3628196716309,-39.0576095581055,-97.6865768432617,-32.3749656677246,17.9785003662109,54.7572631835938,82.5694427490234,44.9765129089355,-20.9725151062012,-0.56433832645416,0.615191221237183,0.241888731718063,0.591386616230011,-0.12519063055515,0.944594502449036,-0.02626814320683,0.694713354110718,0.914636552333832,-0.11546183377504,-0.90940451622009,-0.5466645359993,0.22560803592205,0.985304296016693,0.683901250362396,-0.99873805046082,0.705313086509705,0.837208151817322,0.453162759542465,0.381352245807648,0.607413768768311,0.446373552083969,-0.29910165071487,-0.88523995876312,0.938081920146942,-0.88964474201202,-0.0355078317225,-0.26191067695618,-0.94051897525787,-0.90176916122437,0.0553456209599972,-0.08584897220135,-0.76502770185471,0.0605665631592274,0.551694631576538,0.379624664783478,-0.607870221138,0.801782190799713,0.807598948478699,-0.08728982508183,-0.14541333913803,-0.91603147983551,-0.78792828321457,-0.07309190928936,0.234279796481133,0.541617870330811,0.231864005327225,0.83037281036377,0.416241258382797,-0.50030708312988,0.418891251087189,0.108407251536846,0.622012734413147,0.231110736727715,-0.59390652179718,0.288153171539307,0.232744887471199,0.878009676933289,-0.46231526136398,0.667470753192902,-0.6274670958519,0.0305743627250195,-0.47575482726097,0.816271305084229,0.481744050979614,-0.94277828931808,-0.37133184075356,0.84483814239502,-0.36686059832573,-0.40537855029106,-0.84507584571838,0.962783873081207,0.106108285486698,-0.52926981449127,0.348942160606384,-0.32665401697159,-0.00114258786198,0.516444504261017,-0.81773203611374,0.532880544662476]}
