{"nodes":[3,8,8,8,8,2],"weights":[-120.298118591309,-23.7859382629395,26.9416160583496,-83.3123016357422,-0.09197114408016,-4.82672500610352,126.058746337891,-77.1156692504883,-12.6075048446655,-32.7265777587891,-16.3005123138428,-14.7617626190186,20.7671432495117,-101.460090637207,-51.1130676269531,13.2955274581909,-14.4888048171997,57.942024230957,7.7069091796875,-69.2730331420898,35.0275115966797,24.6843109130859,41.9633102416992,-58.7816772460938,-0.48726582527161,-0.12319184839725,-1.26821458339691,-0.9382238984108,-0.97656339406967,-0.56857562065125,-0.03152366727591,-0.19883723556995,0.119845993816853,-0.26338303089142,0.735670328140259,0.539605259895325,-0.8192064166069,-0.42014819383621,-1.20418131351471,-0.39378321170807,0.056537888944149,-0.1911197155714,-0.30057102441788,-0.1737405359745,-0.52495402097702,-0.72462844848633,0.922428548336029,-0.49972608685493,0.12882861495018,0.842756688594818,0.0207750163972378,0.569846153259277,-0.0227893460542,-0.20645047724247,-0.84481060504913,-0.59785008430481,-0.34199965000153,0.0324258953332901,-0.6900582909584,-0.0766416862607,0.673715054988861,0.571719646453857,-0.65078997612,-0.62283784151077,0.11992696672678,0.402604669332504,0.659400701522827,0.707095324993134,0.265778481960297,0.798366606235504,-0.5301725268364,-0.08483619242907,0.778285086154938,-0.08310227841139,-1.22398579120636,1.09866523742676,0.506854593753815,0.560643494129181,0.290661245584488,-0.05636951327324,1.18109929561615,0.478495806455612,-0.42469918727875,0.0868228822946548,0.724637985229492,0.1826291680336,-0.79406845569611,-0.40537017583847,0.592141091823578,-0.81074213981628,0.629187405109406,-0.71511346101761,-1.26821458339691,-0.81500548124313,-0.15015199780464,-1.11746954917908,0.020547803491354,-0.81340688467026,-0.56436997652054,-0.56587982177734,0.369918823242188,-0.48573634028435,0.0749637335538864,0.623914897441864,-0.52660226821899,-0.59945356845856,0.39743372797966,-0.53559005260468,0.288580179214478,-0.92809563875198,-0.85085111856461,0.427161037921906,0.829468250274658,-0.08500173687935,-0.24817985296249,0.677460432052612,-0.43679663538933,0.698977828025818,0.856622815132141,0.963164150714874,0.564023017883301,-0.42754316329956,-1.51880919933319,-0.28759598731995,-0.14337764680386,-0.13730478286743,-0.43598532676697,0.805615842342377,0.380816489458084,0.250753343105316,0.37707930803299,0.504579305648804,-0.64855146408081,0.126038298010826,0.258699476718903,-0.56814885139465,0.495008111000061,0.939195930957794,-0.55369460582733,-0.23544649779797,-0.68046116828918,-0.06023121625185,0.0856670886278152,0.618252098560333,0.698458731174469,0.0335232838988304,0.109499879181385,0.641459286212921,-0.17594376206398,0.0347558185458183,-0.28326621651649,0.419133633375168,-0.07803081721067,-0.24783609807491,0.666591227054596,-0.35708275437355,-0.99321287870407,-0.27358365058899,-0.22549168765545,-0.88007354736328,0.460421562194824,-0.05251371860504,0.72403883934021,0.794433653354645,0.694595575332642,-0.38479739427567,0.543785214424133,0.165523573756218,0.25960698723793,0.170053154230118,-0.20560495555401,-0.36475539207458,-0.64941972494125,0.086417630314827,0.621013641357422,-0.27652025222778,-0.1204206943512,-0.979019343853,0.375850975513458,-0.51502352952957,0.441895186901093,-0.15854252874851,0.177618592977524,1.16220378875732,-0.66561317443848,0.7647665143013,-0.30830577015877,0.261862069368362,-0.19230988621712,1.39626348018646,-0.0661222115159,-0.2519967854023,-0.14108848571777,0.244144678115845,0.0390519127249718,0.655083954334259,0.406753420829773,-0.6503934264183,-0.42829284071922,-0.93948286771774,0.333883553743362,-0.0462370030582,0.0238635130226612,0.423637330532074,-0.26010382175446,-0.27233973145485,0.922986745834351,1.22828841209412,1.00697124004364,-0.99434167146683,-0.23642480373383,0.548734605312347,-0.93715238571167,-1.27231931686401,-0.43329593539238,0.594610333442688,0.75449126958847,0.70150488615036,0.0720225945115089,-0.41598734259605,-0.35988309979439,-0.10676968842745,1.01300632953644,0.280181020498276,-0.21924790740013,0.231612756848335,-0.16101723909378,-0.74915808439255,0.920442700386047,-0.88851952552795,0.259680479764938,-0.3998304605484]}
