{"nodes":[3,8,8,2],"weights":[-91.067756652832,17.3997421264648,-17.6029567718506,4.59181118011475,-47.2985534667969,27.8289184570313,-17.3548946380615,-68.0589828491211,52.9803314208984,-17.7205581665039,-80.671501159668,-91.5564651489258,-54.9267272949219,69.0815277099609,-69.4693756103516,-65.395133972168,22.6585235595703,-65.9947052001953,-80.5171127319336,-7.26212406158447,-84.8101577758789,48.5865592956543,5.75303554534912,-70.7480926513672,-0.89124113321304,0.414762943983078,0.809437334537506,0.0794115737080574,0.396147906780243,-0.23667275905609,0.307124972343445,0.642768323421478,0.452620267868042,0.320594251155853,-0.81816244125366,0.477894425392151,0.435781449079514,-0.2453116029501,0.385962605476379,-0.49953338503838,-0.40787270665169,0.84296053647995,-0.95301568508148,0.499463975429535,-0.16064675152302,-0.32444337010384,0.0613133832812309,0.615271925926209,0.562286794185638,-0.46305072307587,0.807559192180634,-0.81077188253403,0.923933744430542,0.0245967749506235,-0.82409524917603,-0.73697555065155,-0.85396069288254,0.996453762054443,-0.6748069524765,0.556640326976776,-0.64543402194977,0.948589742183685,0.768166899681091,0.0202609542757273,0.738647699356079,0.653097093105316,0.956381022930145,-0.04263481497765,0.773867666721344,0.159040689468384,-0.44170790910721,-0.1579467356205,-0.43618428707123,-0.24144171178341,0.751618802547455,0.711871683597565,0.0543551743030548,-0.33611834049225,-0.12392830103636,0.426687896251678,-0.37951949238777,0.390519559383392,-0.825459420681,-0.91673356294632,0.269729405641556,0.636814057826996,-0.4890348315239,-0.10492413491011,-0.94516932964325,-0.08767310529947,0.182396844029427,0.609533071517944,-0.01474361028522,0.636804819107056,0.590552449226379,0.0855036973953247,-0.05821449309587,-0.43107435107231,-0.68442267179489,-0.95636117458344,0.325313270092011,-0.56891679763794,0.820545315742493,0.296384334564209]}
