{"nodes":[3,8,8,2],"weights":[-61.2526206970215,50.7103691101074,82.9189682006836,-3.56760883331299,-60.3424034118652,-25.2015800476074,-65.7420043945313,51.5256538391113,46.2823829650879,-68.8764877319336,-74.3572082519531,-82.5298690795898,-73.9696731567383,-71.1370620727539,63.728401184082,-19.4784603118896,-48.2104263305664,56.244743347168,95.7484664916992,-81.5222854614258,73.8471755981445,-65.9311676025391,-64.1946182250977,94.8764343261719,-0.38106471300125,-0.49030375480652,0.591516435146332,0.942340612411499,0.563632309436798,0.841441690921783,-0.40856096148491,-0.57166713476181,0.0552032180130482,-0.99950796365738,0.163757532835007,0.178221583366394,0.429152548313141,0.49723145365715,0.521826803684235,-0.10356061160564,-0.34264039993286,-0.66788333654404,-0.88955909013748,-0.08391298353672,0.407246470451355,-0.13268435001373,0.306132972240448,-0.64281642436981,-0.95641386508942,0.250928491353989,-0.60479032993317,-0.81736350059509,-0.86304044723511,-0.85631191730499,-0.28572332859039,0.42205873131752,-0.51895505189896,-0.2960599064827,-0.13825170695782,0.717541396617889,0.991008520126343,0.560575842857361,-0.09224326908588,-0.56007689237595,-0.40680101513863,0.73332953453064,-0.66439944505692,0.715188205242157,-0.78075879812241,-0.40132409334183,0.466471970081329,0.82809841632843,-0.14048698544502,-0.6047523021698,0.895398855209351,0.190837517380714,-0.66629433631897,-0.20877330005169,-0.92646658420563,-0.73544597625732,0.840291142463684,0.195106863975525,-0.99867421388626,-0.54528439044952,-0.4182533621788,-0.68882012367249,0.768145859241486,-0.93488991260529,-0.13153643906116,-0.12001465260983,-0.77628111839294,0.394087255001068,-0.85290563106537,0.298425585031509,0.64096599817276,-0.52066856622696,0.579211890697479,-0.54520535469055,0.476938933134079,0.811985313892365,0.55492502450943,-0.03023883700371,-0.68829619884491,0.86953741312027]}
