{"nodes":[3,8,8,2],"weights":[25.4258422851563,60.5863418579102,31.4132881164551,95.4322662353516,-74.0821914672852,-82.811408996582,76.8936996459961,-80.2669448852539,-46.4619407653809,-30.0068588256836,-77.4259338378906,63.7323150634766,-54.8461265563965,-25.0931129455566,-77.4613647460938,-82.9799575805664,45.4830131530762,56.8852233886719,-70.3974990844727,-46.2853469848633,-11.9837465286255,-94.4082870483398,-79.2989807128906,-10.1245594024658,-0.26868283748627,0.610203444957733,-0.59872090816498,-0.95856368541718,0.758819103240967,0.234172090888023,-0.56661957502365,0.749650001525879,-0.97461742162704,-0.66522306203842,0.836132884025574,0.571959733963013,0.351805478334427,-0.61931312084198,0.0850159898400307,-0.94774973392487,0.705149531364441,0.048848818987608,0.866821229457855,-0.13274917006493,-0.67821568250656,-0.28985521197319,-0.20393404364586,-0.99337464570999,0.641638457775116,0.0835254788398743,0.475356966257095,-0.33403044939041,-0.81932753324509,0.5847327709198,-0.92262703180313,0.407602190971375,-0.77866095304489,-0.05183916538954,0.244759485125542,0.409151345491409,-0.26790773868561,0.563121140003204,-0.79931569099426,0.211070343852043,-0.57110565900803,-0.72225493192673,-0.2943240404129,-0.59694683551788,-0.1837350577116,-0.38683182001114,0.0383903943002224,-0.42477631568909,0.682896673679352,-0.25056752562523,-0.38179832696915,-0.50301510095596,0.676644325256348,-0.88723838329315,-0.38159286975861,0.616568088531494,0.618736267089844,0.0444663465023041,-0.04569879174232,-0.40318521857262,0.757372558116913,-0.98155790567398,-0.79775834083557,-0.63243955373764,-0.27994039654732,-0.48032090067863,0.79211699962616,0.501645565032959,-0.3952311873436,-0.512162566185,0.527738332748413,0.580993354320526,0.784513533115387,0.907852053642273,0.135547444224358,0.745774805545807,-0.87540340423584,-0.51628738641739,-0.36691895127296,0.78326815366745]}