{"nodes":[3,8,8,8,2],"weights":[-153.04118347168,72.9932708740234,8.68734169006348,5.37156057357788,42.7106590270996,22.137243270874,9.31107521057129,75.829216003418,-78.1530227661133,10.5934581756592,-2.08890795707703,82.5457382202148,-84.4546432495117,-68.4456253051758,-23.0957260131836,33.2089538574219,72.2170333862305,31.9888248443604,57.3159141540527,44.7589149475098,-65.8062362670898,70.522102355957,-97.628059387207,-32.9691352844238,-1.04248094558716,-0.96265494823456,-0.2016494423151,-0.28640893101692,-0.10959501564503,0.272315740585327,-0.19873760640621,0.89928811788559,0.733033061027527,0.773619413375854,-0.86091822385788,0.142103895545006,-0.80482965707779,0.648624062538147,-0.79452925920486,-0.16102826595306,0.741144478321075,-0.8886633515358,-0.46619066596031,-0.72886347770691,-0.50150883197784,1.51269066333771,-1.14877009391785,-0.48571521043777,0.483783602714539,-0.1452080309391,0.805047571659088,0.630716502666473,0.903136074542999,0.103645540773869,0.700223028659821,0.465111911296844,0.31729382276535,-0.5519739985466,0.588610827922821,-0.93184524774551,1.06599712371826,-0.22232879698277,-0.19958768785,0.294584959745407,0.343305021524429,0.608482658863068,-0.01175115071237,0.147724479436874,-0.51677519083023,-0.44900557398796,0.66976535320282,0.729194223880768,-0.44480630755425,0.531535565853119,0.212825238704681,1.04259693622589,-0.54350620508194,1.14664888381958,0.140241473913193,-0.09050593525171,0.698350787162781,0.315321356058121,-0.18360820412636,-0.47925606369972,1.15499711036682,-0.94497108459473,0.199408039450645,0.527603924274445,-1.32156085968018,0.920011699199677,0.47248587012291,0.703269064426422,1.05436944961548,0.41572630405426,-0.87523204088211,1.12637782096863,-0.75741326808929,-0.18885527551174,0.759297788143158,0.812115013599396,-0.10142327845097,-0.25511622428894,-1.14432644844055,-0.92894613742828,0.0676122680306435,-0.37175786495209,-0.47857400774956,1.45873022079468,-0.35872501134872,1.34446120262146,0.180643349885941,-0.61670118570328,-0.65538227558136,-0.99260115623474,0.487566024065018,-0.18659441173077,-0.47879165410995,0.26920747756958,-0.05161522701383,-1.42969512939453,0.466746300458908,-0.15001907944679,-1.30817806720734,0.35114711523056,-0.05923617631197,0.599589467048645,-0.31381386518478,-0.15966491401196,0.864390134811401,-0.91668611764908,0.131177589297295,-1.17981314659119,-0.37817838788033,0.752428114414215,0.484646946191788,0.243985056877136,0.733857274055481,-0.72121387720108,-1.71037101745605,0.17769867181778,0.0785511657595634,0.516770899295807,-0.00743249198422,1.31304037570953,1.03436684608459,-0.40292698144913,0.0688575804233551,-0.34294849634171,-0.37548866868019,0.279016137123108,-0.27763867378235,0.549627661705017,0.257791727781296,-0.97544425725937,0.329373866319656,-0.3748907148838,0.540647983551025,-1.23772358894348,-0.55265384912491,0.651902139186859,0.780291616916656,-0.62131828069687,-0.44282850623131,-0.14489796757698,-1.03840589523315,1.3608273267746,0.250930517911911,-0.4204213321209]}
